<?xml version="1.0"?>
<!DOCTYPE modification SYSTEM "http://www.simplemachines.org/xml/modification">

<modification xmlns="http://www.simplemachines.org/xml/modification" xmlns:smf="http://www.simplemachines.org/">
	<id>eNinja:CP</id>
	<version>1.0.12</version>

	<file name="$boarddir/index.php">
		<operation>
			<search position="before"><![CDATA[
		'xmlhttp' => array('Xml.php', 'XMLhttpMain'),
	);
]]></search>
			<add><![CDATA[
    
    // Custom page action
    $actionArray['page'] = array('CustomPages.php', 'viewPage');
]]></add>
		</operation>
	</file>

	<file name="$sourcedir/Admin.php">
		<operation>
			<search position="before"><![CDATA[
		'layout' => array(
			'title' => $txt['layout_controls'],
			'permission' => array('manage_boards', 'admin_forum', 'manage_smileys', 'manage_attachments', 'moderate_forum'),
			'areas' => array(]]></search>
			<add><![CDATA[
                'pages' => array(
					'label' => $txt['admin_pages'],
					'file' => 'ManagePages.php',
					'function' => 'ManagePages',
                    'icon' => 'news.gif',
					'permission' => array('admin_forum'),
                    'subsections' => array(
                        'edits' => array($txt['edit_pages'], 'url' => $scripturl . '?action=admin;area=pages', 'is_selected' => empty($_GET['pid'])),
                        'new' => array($txt['new_page']),
                    ),
				),]]></add>
		</operation>
	</file>
    
    <file name="$boarddir/SSI.php">
        <operation>
            <search position="end" />
            <add><![CDATA[

// Show a Custom Page outside of the forum.
function ssi_customPage($id, $output_method = 'echo')
{
    global $sourcedir, $context, $txt;
    
    // Require the Custom Pages file that contains the function we need.
    require_once($sourcedir . '/Subs-CustomPages.php');
    
    // Load the page.
    $page = loadPage($id);
    
    // If $page returned false then the page doesn't exist.
    if($page === false)
        $page = array(
            'id' => 'error',
            'title' => $txt['cp_error'],
            'body' => $context['user']['is_admin'] ? $txt['cp_error3'] : $txt['cp_error2'],
            'perms' => 'everybody',
            'views' => false,
        );
    // If they are not aloud to view the page then make a new array with data telling them that.
    elseif(!allowedToViewPage($page['perms']))
        $page = array(
            'id' => 'denied',
            'title' => $txt['cp_denied'],
            'body' => $txt['cp_denied2'],
            'perms' => 'everybody',
            'views' => false,
        );
    // Otherwise parse any bbc.
    elseif($page['code'] == 'bbcode')
        $page['body'] = parse_bbc($page['body'], 1, $page['id']);
        
    // Are we printing this?
    if($output_method == 'echo')
        echo '
        <table class="ssi_table" width="100%" border="0">
            <tr><td width="100%"><b>', $page['title'], '</b>', $page['views'] === false ? '' : '<span class="smalltext" style="padding-left: 8px;">(' . sprintf($txt['cp_viewed'], $page['views']) . ')</span>', '</tr>
            <tr><td>', $page['body'], '</td></tr>
        </table>';
    // Otherwise return the array.
    else
        return $page;
}

// Show recently added pages
function ssi_recentPages($limit = 5, $output_method = 'echo')
{
    global $context, $txt, $smcFunc, $scripturl, $sourcedir;
    
    // Require the Custom Pages file that contains the functions we need.
    require_once($sourcedir . '/Subs-CustomPages.php');
    
    // Grab all the pages
    $request = $smcFunc['db_query']('', '
        SELECT id_page, page_title, page_body, page_perms, page_views, page_format, page_time
        FROM {db_prefix}pages
        ORDER BY page_time DESC',
        array()
    );
    
    // Now start looping through everything
    $i = 0;
    $ret = array();
    while($page = $smcFunc['db_fetch_assoc']($request))
    {
        // Are we aloud to view this page?
        if(allowedToViewPage($page['page_perms']))
        {
            // Add the page to the array
            $ret[] = array(
                'id' => $page['id_page'],
                'title' => $page['page_title'],
                'body' => $page['page_body'],
                'perms' => $page['page_perms'],
                'views' => $page['page_views'],
                'format' => $page['page_format'],
                'time_created' => $page['page_time'],
            );
            $i++;
        }
        
        // Limit the number we show
        if($i >= $limit) break;
    }
    
    $smcFunc['db_free_result']($request);
    
    // Echoing it?
    if($output_method == 'echo')
    {
        echo '
            <table class="ssi_table">
                <tr>
                    <th align="left">', $txt['cp_page'], '</th>
                    <th align="left">', $txt['cp_views'], '</th>
                </tr>';
                
        if(count($ret))
            foreach($ret as $page)
                echo '
                    <tr>
                        <td><a href="', $scripturl, '?action=page;sa=', $page['id'], '">', $page['title'], '</a></td>
                        <td align="right">', $page['views'], '</td>
                    </tr>';
        else
            echo '
                    <tr><td colspan="2">', $txt['cp_no_pages'], '</td></tr>';
        echo '
            </table>';
    }
    else
        return $ret;
}

]]></add>
        </operation>
    </file>
    
    <file name="$languagedir/Modifications.english.php">
        <operation>
            <search position="end" />
            <add><![CDATA[
// Custom Pages Version 1.0.11
global $scripturl;
$txt['admin_pages'] = 'Custom Pages';
$txt['cp_error'] = 'ERROR!';
$txt['cp_error2'] = 'There was an error with the Custom Page.';
$txt['cp_error3'] = 'The ID specified in the ssi_customPage function does not exist.';
$txt['cp_denied'] = 'Access Denied!';
$txt['cp_denied2'] = 'You are not allowed to view this page.';
$txt['page1'] = 'Viewing the page <a href="' . $scripturl . '?action=page&sa=%s">%s</a>.';
$txt['page2'] = 'Viewing a Custom Page.';
$txt['cp_add'] = 'Added custom page "<a href="' . $scripturl . '?action=page;sa=%s" target="_blank">%s</a>"';
$txt['cp_add2'] = 'Added custom page "%s"';
$txt['cp_edit'] = 'Edited custom page "<a href="' . $scripturl . '?action=page;sa=%s" target="_blank">%s</a>"';
$txt['cp_edit2'] = 'Edited custom page "%s"';
$txt['cp_remove'] = 'Removed custom page "%s"';
$txt['cp_viewed'] = 'Viewed %d times';
$txt['cp_no_pages'] = 'There are no pages to be shown';
$txt['cp_page'] = 'Page';
$txt['cp_views'] = 'Views';
$txt['edit_pages'] = 'Edit Pages';
$txt['new_page'] = 'New Page';
]]></add>
        </operation>
    </file>
    
    <file name="$sourcedir/Who.php">

        <operation>
            <search position="before"><![CDATA[
			elseif (isset($allowedActions[$actions['action']]))
			{
				if (allowedTo($allowedActions[$actions['action']]))
					$data[$k] = $txt['whoallow_' . $actions['action']];
				else
					$data[$k] = $txt['who_hidden'];
			}
]]></search>
            <add><![CDATA[
            // A Custom Page?
            elseif ($actions['action'] == 'page')
            {
                // Get some functions we need.
                global $sourcedir;
                require_once($sourcedir . '/Subs-CustomPages.php');
                
                // Load the page to see if it exists and get the name.
                $page = loadPage($actions['sa']);
                
                // Check if the user is allowed to view the page.
                if(allowedToViewPage($page['perms']) && $page !== false)
                    $data[$k] = sprintf($txt['page1'], $actions['sa'], $page['title']);
                // Otherwise just say they are viewing a custom page.
                else
                    $data[$k] = $txt['page2'];
            }
]]></add>                
        </operation>
    </file>
    
    <file name="$sourcedir/Modlog.php">
        <operation>
            <search position="before"><![CDATA[
		// Bans are complex.
		if ($row['action'] == 'ban')
		{
			$row['action_text'] = $txt['modlog_ac_ban'];
			foreach (array('member', 'email', 'ip_range', 'hostname') as $type)
				if (isset($row['extra'][$type]))
					$row['action_text'] .= $txt['modlog_ac_ban_trigger_' . $type];
		}
]]></search>
            <add><![CDATA[
        
        // Custom page?
        if(in_array($row['action'], array('add_page', 'edit_page')))
        {
            // Load the page and add its name to the extra array
            global $sourcedir;
            require_once($sourcedir . '/Subs-CustomPages.php');
            $page = loadPage($row['extra']['page']);
            if($page && allowedToViewPage($page['perms']))
                $row['extra']['page'] = $page;
        }
]]></add>
        </operation>
        
        <operation>
            <search position="before"><![CDATA[
				$entries[$k]['extra'][$type] = sprintf($txt['modlog_id'], $entry['extra'][$type]);
]]></search>
            <add><![CDATA[

        // Custom Page actions
        if ($entry['action'] == 'add_page')
            if (is_array($entry['extra']['page']))
                $entries[$k]['action_text'] = sprintf($txt['cp_add'], $entry['extra']['page']['id'], $entry['extra']['page']['title']);
            else
                $entries[$k]['action_text'] = sprintf($txt['cp_add2'], $entry['extra']['page']);
        elseif ($entry['action'] == 'edit_page')
            if (is_array($entry['extra']['page']))
                $entries[$k]['action_text'] = sprintf($txt['cp_edit'], $entry['extra']['page']['id'], $entry['extra']['page']['title']);
            else
                $entries[$k]['action_text'] = sprintf($txt['cp_edit2'], $entry['extra']['page']);
        elseif ($entry['action'] == 'remove_page')
            $entries[$k]['action_text'] = sprintf($txt['cp_remove'], $entry['extra']['page']);
]]></add>
        </operation>
    </file>
    
</modification>
