<?xml version="1.0"?>
<!DOCTYPE package-info SYSTEM "http://www.simplemachines.org/xml/package-info">

<!-- - - - - - - - - - - - - - - - - - - - - - - - - - - - - - - - - - - - - - -
	ATTENTION: If you are trying to install this manually, you should try
	the package manager.  If it will not work for you, please take a look
	at the following for information on this format:
		http://mods.simplemachines.org/docs/manual-install.php
 - - - - - - - - - - - - - - - - - - - - - - - - - - - - - - - - - - - - - - -->

<package-info xmlns="http://www.simplemachines.org/xml/package-info" xmlns:smf="http://www.simplemachines.org/">
	<id>eNinja:CP</id>
	<version>1.0.12</version>
	<name>eNinja - Custom Pages</name>
	<type>modification</type>

	<install for="2.0 - 2.0.99">
        <readme type="file" parsebbc="true">readme.txt</readme>
		<modification format="xml" type="file">Install.xml</modification>
		<require-file name="Subs-CustomPages.php" destination="$sourcedir" />
		<require-file name="CustomPages.php" destination="$sourcedir" />
		<require-file name="ManagePages.php" destination="$sourcedir" />
		<require-file name="CustomPages.template.php" destination="$themedir" />
		<require-file name="ManagePages.english.php" destination="$languagedir" />
        <require-file name="customPages.js" destination="$themedir/scripts" />
		<database>Install.php</database>
        <redirect url="$scripturl?action=admin;area=pages" timeout="7000">redirect.txt</redirect>
	</install>
    
    <upgrade from="1.0.6">
        <readme type="file" parsebbc="true">readme.txt</readme>
        <modification format="xml" type="file">Upgrade_1.0.6.xml</modification>
        <modification format="xml" type="file">Upgrade_1.0.7.xml</modification>
        <modification format="xml" type="file">Upgrade_1.0.11.xml</modification>
		<require-file name="Subs-CustomPages.php" destination="$sourcedir" />
		<require-file name="CustomPages.php" destination="$sourcedir" />
		<require-file name="ManagePages.php" destination="$sourcedir" />
		<require-file name="CustomPages.template.php" destination="$themedir" />
		<require-file name="ManagePages.english.php" destination="$languagedir" />
        <require-file name="customPages.js" destination="$themedir/scripts" />
		<database>Install.php</database>
        <redirect url="$scripturl?action=admin;area=pages" timeout="7000">redirect.txt</redirect>
    </upgrade>
    
    <upgrade from="1.0.7">
        <readme type="file" parsebbc="true">readme.txt</readme>
        <modification format="xml" type="file">Upgrade_1.0.7.xml</modification>
        <modification format="xml" type="file">Upgrade_1.0.11.xml</modification>
		<require-file name="Subs-CustomPages.php" destination="$sourcedir" />
		<require-file name="CustomPages.php" destination="$sourcedir" />
		<require-file name="ManagePages.php" destination="$sourcedir" />
		<require-file name="CustomPages.template.php" destination="$themedir" />
		<require-file name="ManagePages.english.php" destination="$languagedir" />
        <require-file name="customPages.js" destination="$themedir/scripts" />
		<database>Install.php</database>
        <redirect url="$scripturl?action=admin;area=pages" timeout="7000">redirect.txt</redirect>
    </upgrade>
    
    <upgrade from="1.0.8 - 1.0.9">
        <readme type="file" parsebbc="true">readme.txt</readme>
        <modification format="xml" type="file">Upgrade_1.0.11.xml</modification>
		<require-file name="Subs-CustomPages.php" destination="$sourcedir" />
		<require-file name="CustomPages.php" destination="$sourcedir" />
		<require-file name="ManagePages.php" destination="$sourcedir" />
		<require-file name="CustomPages.template.php" destination="$themedir" />
		<require-file name="ManagePages.english.php" destination="$languagedir" />
        <require-file name="customPages.js" destination="$themedir/scripts" />
        <database>Install.php</database>
        <redirect url="$scripturl?action=admin;area=pages" timeout="7000">redirect.txt</redirect>
    </upgrade>

    <upgrade from="1.0.10">
        <readme type="file" parsebbc="true">readme.txt</readme>
		<require-file name="Subs-CustomPages.php" destination="$sourcedir" />
        <modification format="xml" type="file">Upgrade_1.0.11.xml</modification>
		<require-file name="CustomPages.php" destination="$sourcedir" />
		<require-file name="ManagePages.php" destination="$sourcedir" />
		<require-file name="CustomPages.template.php" destination="$themedir" />
		<require-file name="ManagePages.english.php" destination="$languagedir" />
        <require-file name="customPages.js" destination="$themedir/scripts" />
        <database>Install.php</database>
        <redirect url="$scripturl?action=admin;area=pages" timeout="7000">redirect.txt</redirect>
    </upgrade>

    <upgrade from="1.0.11">
        <readme type="file" parsebbc="true">readme.txt</readme>
		<require-file name="Subs-CustomPages.php" destination="$sourcedir" />
		<require-file name="CustomPages.php" destination="$sourcedir" />
		<require-file name="ManagePages.php" destination="$sourcedir" />
		<require-file name="CustomPages.template.php" destination="$themedir" />
		<require-file name="ManagePages.english.php" destination="$languagedir" />
        <require-file name="customPages.js" destination="$themedir/scripts" />
        <database>Install.php</database>
        <redirect url="$scripturl?action=admin;area=pages" timeout="7000">redirect.txt</redirect>
    </upgrade>

	<uninstall for="2.0 - 2.0.99">
        <readme type="inline">This will uninstall eNinja - CustomPages Version 1.0.12</readme>
		<modification format="xml" type="file" reverse="true">Install.xml</modification>
		<remove-file name="$sourcedir/Subs-CustomPages.php" />
		<remove-file name="$sourcedir/CustomPages.php" />
		<remove-file name="$sourcedir/ManagePages.php" />
		<remove-file name="$themedir/CustomPages.template.php" />
		<remove-file name="$languagedir/ManagePages.english.php" />
        <remove-file name="$themedir/scripts/customPages.js" />
		<database>Uninstall.php</database>
	</uninstall>

</package-info>
