<?xml version="1.0"?>
<!DOCTYPE modification SYSTEM "http://www.simplemachines.org/xml/modification">

<modification xmlns="http://www.simplemachines.org/xml/modification" xmlns:smf="http://www.simplemachines.org/">
	<id>eNinja:CP</id>
	<version>1.0.12</version>
    
    <file name="$boarddir/SSI.php">
        <operation>
            <search position="replace"><![CDATA[

// Show a Custom Page outside of the forum.
function ssi_customPage($id, $output_method = 'echo')
{
    global $sourcedir, $context, $txt;
    
    // Load any language files needed.
    loadLanguage('Errors');
    
    // Require the Custom Pages file that contains the function we need.
    require_once($sourcedir . '/Subs-CustomPages.php');
    
    // Load the page.
    $page = loadPage($id);
    
    // If $page returned false then the page doesn't exist.
    if($page === false)
        $page = array(
            'id' => 'error',
            'title' => $txt['cp_error'],
            'body' => $context['user']['is_admin'] ? $txt['cp_error3'] : $txt['cp_error2'],
            'perms' => 'everybody',
        );
    // If they are not aloud to view the page then make a new array with data telling them that.
    elseif(!allowedToViewPage($page['perms']))
        $page = array(
            'id' => 'denied',
            'title' => $txt['cp_denied'],
            'body' => $txt['cp_denied2'],
            'perms' => 'everybody',
        );
    // Otherwise parse any bbc.
    else
        $page['body'] = parse_bbc($page['body'], 1, $page['id']);
        
    // Are we printing this?
    if($output_method == 'echo')
        echo '
        <table class="ssi_table" width="100%" border="0">
            <tr><td><b>', $page['title'], '</b></td></tr>
            <tr><td>', $page['body'], '</td></tr>
        </table>';
    // Otherwise return the array.
    else
        return $page;
}]]></search>
            <add><![CDATA[

// Show a Custom Page outside of the forum.
function ssi_customPage($id, $output_method = 'echo')
{
    global $sourcedir, $context, $txt;
    
    // Require the Custom Pages file that contains the function we need.
    require_once($sourcedir . '/Subs-CustomPages.php');
    
    // Load the page.
    $page = loadPage($id);
    
    // If $page returned false then the page doesn't exist.
    if($page === false)
        $page = array(
            'id' => 'error',
            'title' => $txt['cp_error'],
            'body' => $context['user']['is_admin'] ? $txt['cp_error3'] : $txt['cp_error2'],
            'perms' => 'everybody',
            'views' => false,
        );
    // If they are not aloud to view the page then make a new array with data telling them that.
    elseif(!allowedToViewPage($page['perms']))
        $page = array(
            'id' => 'denied',
            'title' => $txt['cp_denied'],
            'body' => $txt['cp_denied2'],
            'perms' => 'everybody',
            'views' => false,
        );
    // Otherwise parse any bbc.
    elseif($page['code'] == 'bbcode')
        $page['body'] = parse_bbc($page['body'], 1, $page['id']);
        
    // Are we printing this?
    if($output_method == 'echo')
        echo '
        <table class="ssi_table" width="100%" border="0">
            <tr><td width="100%"><b>', $page['title'], '</b>', $page['views'] === false ? '' : '<span class="smalltext" style="padding-left: 8px;">(' . sprintf($txt['cp_viewed'], $page['views']) . ')</span>', '</tr>
            <tr><td>', $page['body'], '</td></tr>
        </table>';
    // Otherwise return the array.
    else
        return $page;
}

// Show recently added pages
function ssi_recentPages($limit = 5, $output_method = 'echo')
{
    global $context, $txt, $smcFunc, $scripturl, $sourcedir;
    
    // Require the Custom Pages file that contains the functions we need.
    require_once($sourcedir . '/Subs-CustomPages.php');
    
    // Grab all the pages
    $request = $smcFunc['db_query']('', '
        SELECT id_page, page_title, page_body, page_perms, page_views, page_format, page_time
        FROM {db_prefix}pages
        ORDER BY page_time DESC',
        array()
    );
    
    // Now start looping through everything
    $i = 0;
    $ret = array();
    while($page = $smcFunc['db_fetch_assoc']($request))
    {
        // Are we aloud to view this page?
        if(allowedToViewPage($page['page_perms']))
        {
            // Add the page to the array
            $ret[] = array(
                'id' => $page['id_page'],
                'title' => $page['page_title'],
                'body' => $page['page_body'],
                'perms' => $page['page_perms'],
                'views' => $page['page_views'],
                'format' => $page['page_format'],
                'time_created' => $page['page_time'],
            );
            $i++;
        }
        
        // Limit the number we show
        if($i >= $limit) break;
    }
    
    $smcFunc['db_free_result']($request);
    
    // Echoing it?
    if($output_method == 'echo')
    {
        echo '
            <table class="ssi_table">
                <tr>
                    <th align="left">', $txt['cp_page'], '</th>
                    <th align="left">', $txt['cp_views'], '</th>
                </tr>';
                
        if(count($ret))
            foreach($ret as $page)
                echo '
                    <tr>
                        <td><a href="', $scripturl, '?action=page;sa=', $page['id'], '">', $page['title'], '</a></td>
                        <td align="right">', $page['views'], '</td>
                    </tr>';
        else
            echo '
                    <tr><td colspan="2">', $txt['cp_no_pages'], '</td></tr>';
        echo '
            </table>';
    }
    else
        return $ret;
}

]]></add>
        </operation>
    </file>
    
    <file name="$languagedir/Modifications.english.php">
        <operation>
            <search position="before"><![CDATA[// Custom Pages.
$txt['admin_pages'] = 'Custom Pages';
$txt['cp_error'] = 'ERROR!';
$txt['cp_error2'] = 'There was an error with the Custom Page.';
$txt['cp_error3'] = 'The ID specified in the ssi_customPage function does not exist.';
$txt['cp_denied'] = 'Access Denied!';
$txt['cp_denied2'] = 'You are not allowed to view this page.';
$txt['page1'] = 'Viewing the page <a href="' . $scripturl . '?action=page&sa=%s">%s</a>.';
$txt['page2'] = 'Viewing a Custom Page.';
$txt['cp_add'] = 'Added custom page "<a href="' . $scripturl . '?action=page;sa=%s" target="_blank">%s</a>"';
$txt['cp_add2'] = 'Added custom page "%s"';
$txt['cp_edit'] = 'Edited custom page "<a href="' . $scripturl . '?action=page;sa=%s" target="_blank">%s</a>"';
$txt['cp_edit2'] = 'Edited custom page "%s"';
$txt['cp_remove'] = 'Removed custom page "%s"';]]></search>
            <add><![CDATA[
$txt['cp_viewed'] = 'Viewed %d times';
$txt['cp_no_pages'] = 'There are no pages to be shown';
$txt['cp_page'] = 'Page';
$txt['cp_views'] = 'Views';
]]></add>
        </operation>
    </file>
    
</modification>
