<?xml version="1.0"?>
<!DOCTYPE modification SYSTEM "http://www.simplemachines.org/xml/modification">

<modification xmlns="http://www.simplemachines.org/xml/modification" xmlns:smf="http://www.simplemachines.org/">
	<id>eNinja:CP</id>
	<version>1.0.12</version>
    
    <file name="$languagedir/Modifications.english.php">
        <operation>
            <search position="before"><![CDATA[$txt['cp_views'] = 'Views';]]></search>
            <add><![CDATA[
$txt['edit_pages'] = 'Edit Pages';
$txt['new_page'] = 'New Page';
]]></add>
        </operation>
    </file>
    
    <file name="$sourcedir/Admin.php">
		<operation>
			<search position="replace"><![CDATA[

				'pages' => array(
					'label' => $txt['admin_pages'],
					'file' => 'ManagePages.php',
					'function' => 'ManagePages',
					'permission' => array('admin_forum'),
				),]]></search>
			<add><![CDATA[
                'pages' => array(
					'label' => $txt['admin_pages'],
					'file' => 'ManagePages.php',
					'function' => 'ManagePages',
                    'icon' => 'news.gif',
					'permission' => array('admin_forum'),
                    'subsections' => array(
                        'edits' => array($txt['edit_pages'], 'url' => $scripturl . '?action=admin;area=pages', 'is_selected' => empty($_GET['pid'])),
                        'new' => array($txt['new_page']),
                    ),
				),]]></add>
		</operation>
	</file>
    
</modification>
