<?xml version="1.0"?>
<!DOCTYPE modification SYSTEM "http://www.simplemachines.org/xml/modification">

<modification xmlns="http://www.simplemachines.org/xml/modification" xmlns:smf="http://www.simplemachines.org/">
	<id>eNinja:CP</id>
	<version>1.0.12</version>
    
    <file name="$sourcedir/Who.php">
        <operation>
            <search position="replace"><![CDATA[
function determineActions($urls, $preferred_prefix = false)
{
	global $txt, $user_info, $modSettings, $smcFunc, $context, $sourcedir;
]]></search>
            <add><![CDATA[
function determineActions($urls, $preferred_prefix = false)
{
	global $txt, $user_info, $modSettings, $smcFunc, $context;
]]></add>
        </operation>
    
        <operation>
            <search position="replace"><![CDATA[// Get some functions we need.
                require_once($sourcedir . '/Subs-CustomPages.php');]]></search>
            <add><![CDATA[// Get some functions we need.
                global $sourcedir;
                require_once($sourcedir . '/Subs-CustomPages.php');]]></add>
        </operation>
    
    </file>
    
    <file name="$languagedir/Modifications.english.php">
        <operation>
            <search position="replace"><![CDATA[// Custom Pages.]]></search>
            <add><![CDATA[// Custom Pages Version 1.0.11
global $scripturl;]]></add>
        </operation>
    </file>
    
</modification>
